Searched User,2024-05-17 00:36:03
Searched Student,2024-05-17 00:36:03
Searched User,2024-05-17 00:44:20
Searched Student,2024-05-17 00:44:20
Searched University,2024-05-17 00:45:08
Searched University,2024-05-17 00:45:08
Searched University,2024-05-17 00:45:12
Searched University,2024-05-17 00:45:12
Created User,2024-05-17 00:45:12
Created Student,2024-05-17 00:45:12
Searched User,2024-05-17 00:45:31
Searched Student,2024-05-17 00:45:31
Created CreditCard in CreditCarduri,2024-05-17 00:47:14
Created CreditCard in Carduri,2024-05-17 00:47:14
Updated User,2024-05-17 00:47:14
Updated Student,2024-05-17 00:47:14
Searched CreditCard,2024-05-17 00:47:14
Created STB pass,2024-05-17 00:47:14
Searched STB pass,2024-05-17 00:47:14
Searched pay,2024-05-17 00:47:14
Searched STB pass,2024-05-17 00:47:16
Searched CreditCard,2024-05-17 00:47:20
Searched CreditCard,2024-05-17 00:47:20
Created Metrorex pass,2024-05-17 00:47:20
Search Metrorex pass,2024-05-17 00:47:20
Searched pay,2024-05-17 00:47:20
Searched STB pass,2024-05-17 00:47:23
Search Metrorex pass,2024-05-17 00:47:23
Searched User,2024-05-17 17:49:12
Searched Student,2024-05-17 17:49:12
Searched User,2024-05-17 17:50:35
Searched Student,2024-05-17 17:50:35
Searched User,2024-05-17 17:50:39
Searched Student,2024-05-17 17:50:39
Updated User,2024-05-17 17:50:39
Searched User,2024-05-17 17:53:55
Searched Student,2024-05-17 17:53:55
Searched User,2024-05-17 17:53:57
Searched Student,2024-05-17 17:53:57
Updated User,2024-05-17 17:53:57
Deleted Student,2024-05-17 17:53:57
Deleted User,2024-05-17 17:53:57
Searched User,2024-05-17 17:55:09
Searched Admin,2024-05-17 17:55:09
Searched University,2024-05-17 17:55:18
Searched User,2024-05-17 17:56:49
Searched Admin,2024-05-17 17:56:49
Searched University,2024-05-17 17:56:57
Searched User,2024-05-17 17:58:10
Searched Admin,2024-05-17 17:58:10
Searched University,2024-05-17 17:58:16
Searched User,2024-05-17 17:59:11
Searched Admin,2024-05-17 17:59:11
Searched University,2024-05-17 17:59:18
Deleted University,2024-05-17 17:59:18
Created University,2024-05-18 12:19:11
Created University,2024-05-18 12:19:11
Created University,2024-05-18 12:19:11
Created faculty,2024-05-18 12:19:11
Created faculty,2024-05-18 12:19:11
Created faculty,2024-05-18 12:19:11
Created faculty,2024-05-18 12:19:11
Created faculty,2024-05-18 12:19:11
Created faculty,2024-05-18 12:19:11
Searched University,2024-05-18 12:19:11
Created User,2024-05-18 12:19:11
Created Student,2024-05-18 12:19:11
Created Metrorex pass,2024-05-18 12:19:11
Created User,2024-05-18 12:19:11
Created Admin,2024-05-18 12:19:11
Searched User,2024-05-18 12:19:16
Searched Admin,2024-05-18 12:19:16
Created University,2024-05-18 12:19:44
Created University,2024-05-18 12:19:44
Created University,2024-05-18 12:19:44
Created faculty,2024-05-18 12:19:44
Created faculty,2024-05-18 12:19:44
Created faculty,2024-05-18 12:19:44
Created faculty,2024-05-18 12:19:44
Created faculty,2024-05-18 12:19:44
Created faculty,2024-05-18 12:19:44
Searched University,2024-05-18 12:19:44
Created User,2024-05-18 12:19:44
Created Student,2024-05-18 12:19:44
Created Metrorex pass,2024-05-18 12:19:44
Created User,2024-05-18 12:19:44
Created Admin,2024-05-18 12:19:44
Searched User,2024-05-18 12:19:54
Searched Admin,2024-05-18 12:19:54
Searched User,2024-05-18 12:20:03
Searched Student,2024-05-18 12:20:03
Created University,2024-05-18 12:22:52
Created University,2024-05-18 12:23:06
Created University,2024-05-18 12:23:09
Created faculty,2024-05-18 12:23:41
Created faculty,2024-05-18 12:23:53
Created faculty,2024-05-18 12:24:10
Created faculty,2024-05-18 12:24:14
Created faculty,2024-05-18 12:24:44
Created faculty,2024-05-18 12:24:47
Searched University,2024-05-18 12:24:55
Created User,2024-05-18 12:25:11
Created Student,2024-05-18 12:25:11
Created Metrorex pass,2024-05-18 12:25:11
Created User,2024-05-18 12:25:11
Created Admin,2024-05-18 12:25:11
Searched User,2024-05-18 12:25:30
Searched Student,2024-05-18 12:25:30
Search Metrorex pass,2024-05-18 12:25:31
Search Metrorex pass,2024-05-18 12:25:34
Search Metrorex pass,2024-05-18 12:25:34
Created DebitCard in DebitCarduri,2024-05-18 12:25:49
Created DebitCard in Carduri,2024-05-18 12:25:49
Updated User,2024-05-18 12:25:49
Updated Student,2024-05-18 12:25:49
Searched DebitCard,2024-05-18 12:25:49
Created pay,2024-05-18 12:25:49
Search Metrorex pass,2024-05-18 12:25:49
Updated Metrorex pass,2024-05-18 12:25:49
Search Metrorex pass,2024-05-18 12:25:53
Searched DebitCard,2024-05-18 12:25:56
Searched DebitCard,2024-05-18 12:25:57
Created STB pass,2024-05-18 12:25:57
Searched STB pass,2024-05-18 12:25:57
Created pay,2024-05-18 12:25:57
Searched STB pass,2024-05-18 12:25:59
Search Metrorex pass,2024-05-18 12:25:59
Created University,2024-05-18 12:28:01
Created University,2024-05-18 12:28:02
Created University,2024-05-18 12:28:02
Created faculty,2024-05-18 12:28:02
Created faculty,2024-05-18 12:28:02
Created faculty,2024-05-18 12:28:02
Created faculty,2024-05-18 12:28:02
Created faculty,2024-05-18 12:28:02
Created faculty,2024-05-18 12:28:02
Searched University,2024-05-18 12:28:02
Created User,2024-05-18 12:28:02
Created Student,2024-05-18 12:28:02
Created Metrorex pass,2024-05-18 12:28:02
Created User,2024-05-18 12:28:02
Created Admin,2024-05-18 12:28:02
Searched User,2024-05-18 12:28:11
Searched Admin,2024-05-18 12:28:11
Searched University,2024-05-18 12:28:17
Deleted University,2024-05-18 12:28:17
Deleted user with user_id: 1,2024-05-18 12:28:17
Deleted user with user_id: 3,2024-05-18 12:28:17
Deleted user with user_id: 5,2024-05-18 12:28:17
Created University,2024-05-18 12:29:52
Created University,2024-05-18 12:29:52
Created University,2024-05-18 12:29:52
Created faculty,2024-05-18 12:29:52
Created faculty,2024-05-18 12:29:52
Created faculty,2024-05-18 12:29:52
Created faculty,2024-05-18 12:29:52
Created faculty,2024-05-18 12:29:52
Created faculty,2024-05-18 12:29:52
Searched University,2024-05-18 12:29:52
Created User,2024-05-18 12:29:52
Created Student,2024-05-18 12:29:52
Created Metrorex pass,2024-05-18 12:29:52
Created User,2024-05-18 12:29:52
Created Admin,2024-05-18 12:29:52
Searched User,2024-05-18 12:29:58
Searched Admin,2024-05-18 12:29:58
Created University,2024-05-18 12:30:35
Searched User,2024-05-18 12:31:00
Searched Admin,2024-05-18 12:31:00
Created University,2024-05-18 12:34:47
Created University,2024-05-18 12:34:47
Created University,2024-05-18 12:34:47
Created faculty,2024-05-18 12:34:47
Created faculty,2024-05-18 12:34:47
Created faculty,2024-05-18 12:34:47
Created faculty,2024-05-18 12:34:47
Created faculty,2024-05-18 12:34:47
Created faculty,2024-05-18 12:34:47
Searched University,2024-05-18 12:34:47
Created User,2024-05-18 12:34:47
Created Student,2024-05-18 12:34:47
Created Metrorex pass,2024-05-18 12:34:47
Created User,2024-05-18 12:34:47
Created Admin,2024-05-18 12:34:47
Searched User,2024-05-18 12:34:52
Searched Admin,2024-05-18 12:34:52
Searched User,2024-05-18 12:35:02
Searched Admin,2024-05-18 12:35:02
Created University,2024-05-18 12:42:32
Created University,2024-05-18 12:42:32
Created University,2024-05-18 12:42:32
Created faculty,2024-05-18 12:42:32
Created faculty,2024-05-18 12:42:32
Created faculty,2024-05-18 12:42:32
Created faculty,2024-05-18 12:42:32
Created faculty,2024-05-18 12:42:32
Created faculty,2024-05-18 12:42:32
Searched University,2024-05-18 12:42:32
Created User,2024-05-18 12:42:32
Created Student,2024-05-18 12:42:32
Created Metrorex pass,2024-05-18 12:42:32
Created User,2024-05-18 12:42:32
Created Admin,2024-05-18 12:42:32
Searched User,2024-05-18 12:42:38
Searched Admin,2024-05-18 12:42:38
Searched University,2024-05-18 12:45:02
Searched University,2024-05-18 12:45:02
Searched University,2024-05-18 12:45:06
Searched University,2024-05-18 12:45:06
Created User,2024-05-18 12:45:06
Created Student,2024-05-18 12:45:06
Searched University,2024-05-18 12:46:47
Searched University,2024-05-18 12:46:47
Searched University,2024-05-18 12:46:51
Searched University,2024-05-18 12:46:51
Created User,2024-05-18 12:46:51
Created Student,2024-05-18 12:46:51
Searched University,2024-05-18 12:48:24
Searched University,2024-05-18 12:48:24
Searched University,2024-05-18 12:48:27
Searched University,2024-05-18 12:48:27
Created User,2024-05-18 12:48:27
Created Student,2024-05-18 12:48:27
Searched User,2024-05-18 16:14:49
Searched Admin,2024-05-18 16:14:49
Searched User,2024-05-18 16:17:38
Searched Admin,2024-05-18 16:17:38
Searched User,2024-05-18 16:18:40
Searched Admin,2024-05-18 16:18:40
Searched User,2024-05-18 16:20:18
Searched Admin,2024-05-18 16:20:18
Searched User,2024-05-18 16:20:51
Searched Student,2024-05-18 16:20:51
Searched User,2024-05-18 16:21:50
Searched Admin,2024-05-18 16:21:50
Searched User,2024-05-18 16:22:09
Searched Student,2024-05-18 16:22:09
Search Metrorex pass,2024-05-18 16:22:11
Search Metrorex pass,2024-05-18 16:22:16
Search Metrorex pass,2024-05-18 16:22:16
Created DebitCard in DebitCarduri,2024-05-18 16:22:28
Created DebitCard in Carduri,2024-05-18 16:22:28
Updated User,2024-05-18 16:22:28
Updated Student,2024-05-18 16:22:28
Searched DebitCard,2024-05-18 16:22:28
Created pay,2024-05-18 16:22:28
Search Metrorex pass,2024-05-18 16:22:28
Updated Metrorex pass,2024-05-18 16:22:28
Search Metrorex pass,2024-05-18 16:22:30
Search Metrorex pass,2024-05-18 16:22:31
Search Metrorex pass,2024-05-18 16:22:37
Searched User,2024-05-18 16:22:45
Searched Student,2024-05-18 16:22:45
Updated User,2024-05-18 16:22:45
Deleted Student,2024-05-18 16:22:45
Searched User,2024-05-18 16:23:55
Created University,2024-05-18 16:24:54
Created University,2024-05-18 16:24:54
Created University,2024-05-18 16:24:54
Created faculty,2024-05-18 16:24:54
Created faculty,2024-05-18 16:24:54
Created faculty,2024-05-18 16:24:54
Created faculty,2024-05-18 16:24:54
Created faculty,2024-05-18 16:24:54
Created faculty,2024-05-18 16:24:54
Searched University,2024-05-18 16:24:54
Created User,2024-05-18 16:24:54
Created Student,2024-05-18 16:24:54
Created Metrorex pass,2024-05-18 16:24:54
Created User,2024-05-18 16:24:54
Created Admin,2024-05-18 16:24:54
Searched User,2024-05-18 16:25:01
Searched Student,2024-05-18 16:25:01
Searched User,2024-05-18 16:25:03
Searched Student,2024-05-18 16:25:03
Updated User,2024-05-18 16:25:03
Deleted Student,2024-05-18 16:25:03
Deleted User,2024-05-18 16:25:03
Searched User,2024-05-18 16:25:16
Searched Admin,2024-05-18 16:25:16
Searched University,2024-05-18 16:25:56
Searched University,2024-05-18 16:25:56
Searched University,2024-05-18 16:26:01
Searched University,2024-05-18 16:26:01
Created User,2024-05-18 16:26:01
Created Student,2024-05-18 16:26:01
Searched User,2024-05-18 16:26:07
Searched Student,2024-05-18 16:26:07
Created DebitCard in DebitCarduri,2024-05-18 16:26:22
Created DebitCard in Carduri,2024-05-18 16:26:22
Updated User,2024-05-18 16:26:22
Updated Student,2024-05-18 16:26:22
Searched DebitCard,2024-05-18 16:26:22
Created STB pass,2024-05-18 16:26:22
Searched STB pass,2024-05-18 16:26:22
Created pay,2024-05-18 16:26:22
Searched STB pass,2024-05-18 16:26:26
Searched DebitCard,2024-05-18 16:26:31
Searched DebitCard,2024-05-18 16:26:31
Created Metrorex pass,2024-05-18 16:26:31
Search Metrorex pass,2024-05-18 16:26:31
Created pay,2024-05-18 16:26:31
Searched STB pass,2024-05-18 16:26:34
Search Metrorex pass,2024-05-18 16:26:34
Searched User,2024-05-18 16:26:38
Searched Student,2024-05-18 16:26:38
Updated User,2024-05-18 16:26:38
Deleted Student,2024-05-18 16:26:38
Deleted User,2024-05-18 16:26:38
